{"cameraMode":{"drawMode":0,"name":"Shaded","section":"Shading Mode"},"sceneLighting":false,"audioPlay":false,"sceneViewState":{"m_AlwaysRefresh":true,"showFog":false,"showSkybox":false,"showFlares":true,"showImageEffects":false,"showParticleSystems":true,"showVisualEffectGraphs":true,"m_FxEnabled":true},"in2DMode":false,"pivot":{"x":-0.1711496114730835,"y":0.16382825374603272,"z":0.387192964553833},"rotation":{"x":0.5299075245857239,"y":-0.06600243598222733,"z":0.04141680523753166,"w":0.8444680571556091},"size":29.961238861083986,"orthographic":false}