{"cameraMode":{"drawMode":0,"name":"Shaded","section":"Shading Mode"},"sceneLighting":false,"audioPlay":false,"sceneViewState":{"m_AlwaysRefresh":true,"showFog":false,"showSkybox":false,"showFlares":true,"showImageEffects":false,"showParticleSystems":true,"showVisualEffectGraphs":true,"m_FxEnabled":true},"in2DMode":false,"pivot":{"x":-0.041031718254089358,"y":-0.04789566993713379,"z":0.08643507957458496},"rotation":{"x":0.5299075245857239,"y":-0.06600243598222733,"z":0.04141680523753166,"w":0.8444680571556091},"size":16.525575637817384,"orthographic":false}