{"cameraMode":{"drawMode":0,"name":"Shaded","section":"Shading Mode"},"sceneLighting":false,"audioPlay":false,"sceneViewState":{"m_AlwaysRefresh":true,"showFog":false,"showSkybox":false,"showFlares":true,"showImageEffects":false,"showParticleSystems":true,"showVisualEffectGraphs":true,"m_FxEnabled":true},"in2DMode":false,"pivot":{"x":-0.1532273292541504,"y":0.04117560386657715,"z":-0.08512985706329346},"rotation":{"x":0.5299075245857239,"y":-0.06600243598222733,"z":0.04141680523753166,"w":0.8444680571556091},"size":29.577539443969728,"orthographic":false}