{"cameraMode":{"drawMode":0,"name":"Shaded","section":"Shading Mode"},"sceneLighting":true,"audioPlay":false,"sceneViewState":{"m_AlwaysRefresh":false,"showFog":true,"showSkybox":true,"showFlares":true,"showImageEffects":true,"showParticleSystems":true,"showVisualEffectGraphs":true,"m_FxEnabled":true},"in2DMode":false,"pivot":{"x":-2.628058433532715,"y":4.404042720794678,"z":-3.9254560470581056},"rotation":{"x":-0.006951204966753721,"y":-0.37545427680015566,"z":-0.0028159592766314747,"w":0.926810622215271},"size":8.840547561645508,"orthographic":false}