{"cameraMode":{"drawMode":0,"name":"Shaded","section":"Shading Mode"},"sceneLighting":true,"audioPlay":false,"sceneViewState":{"m_AlwaysRefresh":false,"showFog":true,"showSkybox":true,"showFlares":true,"showImageEffects":true,"showParticleSystems":true,"showVisualEffectGraphs":true,"m_FxEnabled":true},"in2DMode":false,"pivot":{"x":27.18819808959961,"y":7.676536560058594,"z":-201.30438232421876},"rotation":{"x":0.001958720851689577,"y":0.9679333567619324,"z":-0.25108569860458376,"w":0.007550692185759544},"size":258.98321533203127,"orthographic":false}