{"cameraMode":{"drawMode":0,"name":"Shaded","section":"Shading Mode"},"sceneLighting":true,"audioPlay":false,"sceneViewState":{"m_AlwaysRefresh":true,"showFog":false,"showSkybox":true,"showFlares":true,"showImageEffects":false,"showParticleSystems":true,"showVisualEffectGraphs":true,"m_FxEnabled":true},"in2DMode":false,"pivot":{"x":1238.0435791015625,"y":3.3731460571289064,"z":319.02642822265627},"rotation":{"x":-0.39743033051490786,"y":0.5397334098815918,"z":-0.32046717405319216,"w":-0.6693601012229919},"size":47.003196716308597,"orthographic":false}